second_tier_authority,name,code,year,population_000s_mid_year_estimate,area_km2
Scotland,Aberdeen City,S12000033,2005,208.68999999999986,205.6013
Scotland,Aberdeen City,S12000033,2006,209.61999999999992,205.6013
Scotland,Aberdeen City,S12000033,2007,212.46,205.6013
Scotland,Aberdeen City,S12000033,2008,214.0200000000002,205.6013
Scotland,Aberdeen City,S12000033,2009,217.02000000000018,205.6013
Scotland,Aberdeen City,S12000033,2010,219.7299999999998,205.6013
Scotland,Aberdeen City,S12000033,2011,222.46,205.6013
Scotland,Aberdeen City,S12000033,2012,224.9099999999999,205.6013
Scotland,Aberdeen City,S12000033,2013,227.0699999999999,205.6013
Scotland,Aberdeen City,S12000033,2014,228.92000000000004,205.6013
Scotland,Aberdeen City,S12000033,2015,230.35000000000014,205.6013
Scotland,Aberdeen City,S12000033,2016,229.8400000000001,205.6013
Scotland,Aberdeen City,S12000033,2017,228.80000000000013,205.6013
Scotland,Aberdeen City,S12000033,2018,227.56000000000017,205.6013
Scotland,Aberdeenshire,S12000034,2005,237.5699999999999,6338.1488
Scotland,Aberdeenshire,S12000034,2006,241.18000000000012,6338.1488
Scotland,Aberdeenshire,S12000034,2007,244.3900000000001,6338.1488
Scotland,Aberdeenshire,S12000034,2008,246.8400000000001,6338.1488
Scotland,Aberdeenshire,S12000034,2009,249.0200000000002,6338.1488
Scotland,Aberdeenshire,S12000034,2010,251.43000000000012,6338.1488
Scotland,Aberdeenshire,S12000034,2011,253.64999999999986,6338.1488
Scotland,Aberdeenshire,S12000034,2012,255.56000000000014,6338.1488
Scotland,Aberdeenshire,S12000034,2013,257.7700000000002,6338.1488
Scotland,Aberdeenshire,S12000034,2014,260.5299999999998,6338.1488
Scotland,Aberdeenshire,S12000034,2015,261.96,6338.1488
Scotland,Aberdeenshire,S12000034,2016,262.1899999999998,6338.1488
Scotland,Aberdeenshire,S12000034,2017,261.8000000000001,6338.1488
Scotland,Aberdeenshire,S12000034,2018,261.4700000000002,6338.1488
Scotland,Angus,S12000041,2005,111.34000000000005,2203.8928
Scotland,Angus,S12000041,2006,112.5,2203.8928
Scotland,Angus,S12000041,2007,113.53999999999998,2203.8928
Scotland,Angus,S12000041,2008,114.4899999999999,2203.8928
Scotland,Angus,S12000041,2009,114.82999999999996,2203.8928
Scotland,Angus,S12000041,2010,115.40999999999995,2203.8928
Scotland,Angus,S12000041,2011,116.19999999999993,2203.8928
Scotland,Angus,S12000041,2012,116.21999999999991,2203.8928
Scotland,Angus,S12000041,2013,116.28999999999998,2203.8928
Scotland,Angus,S12000041,2014,116.7399999999999,2203.8928
Scotland,Angus,S12000041,2015,116.90000000000006,2203.8928
Scotland,Angus,S12000041,2016,116.52,2203.8928
Scotland,Angus,S12000041,2017,116.28000000000009,2203.8928
Scotland,Angus,S12000041,2018,116.03999999999998,2203.8928
Scotland,Argyll and Bute,S12000035,2005,90.34999999999995,7165.1715
Scotland,Argyll and Bute,S12000035,2006,90.86999999999993,7165.1715
Scotland,Argyll and Bute,S12000035,2007,90.78999999999998,7165.1715
Scotland,Argyll and Bute,S12000035,2008,89.90999999999998,7165.1715
Scotland,Argyll and Bute,S12000035,2009,89.44999999999997,7165.1715
Scotland,Argyll and Bute,S12000035,2010,88.61999999999993,7165.1715
Scotland,Argyll and Bute,S12000035,2011,88.92999999999999,7165.1715
Scotland,Argyll and Bute,S12000035,2012,86.90999999999998,7165.1715
Scotland,Argyll and Bute,S12000035,2013,88.05000000000003,7165.1715
Scotland,Argyll and Bute,S12000035,2014,87.65000000000005,7165.1715
Scotland,Argyll and Bute,S12000035,2015,86.89,7165.1715
Scotland,Argyll and Bute,S12000035,2016,87.13000000000007,7165.1715
Scotland,Argyll and Bute,S12000035,2017,86.80999999999996,7165.1715
Scotland,Argyll and Bute,S12000035,2018,86.26000000000006,7165.1715
Scotland,City of Edinburgh,S12000036,2005,449.47999999999973,273.0043
Scotland,City of Edinburgh,S12000036,2006,452.0599999999999,273.0043
Scotland,City of Edinburgh,S12000036,2007,456.0400000000004,273.0043
Scotland,City of Edinburgh,S12000036,2008,458.5200000000003,273.0043
Scotland,City of Edinburgh,S12000036,2009,463.23999999999984,273.0043
Scotland,City of Edinburgh,S12000036,2010,469.9400000000001,273.0043
Scotland,City of Edinburgh,S12000036,2011,477.9400000000001,273.0043
Scotland,City of Edinburgh,S12000036,2012,482.62999999999965,273.0043
Scotland,City of Edinburgh,S12000036,2013,487.4599999999996,273.0043
Scotland,City of Edinburgh,S12000036,2014,492.61000000000024,273.0043
Scotland,City of Edinburgh,S12000036,2015,498.80999999999983,273.0043
Scotland,City of Edinburgh,S12000036,2016,507.17,273.0043
Scotland,City of Edinburgh,S12000036,2017,513.2099999999996,273.0043
Scotland,City of Edinburgh,S12000036,2018,518.5,273.0043
Scotland,Clackmannanshire,S12000005,2005,49.16000000000002,163.9126
Scotland,Clackmannanshire,S12000005,2006,49.53999999999998,163.9126
Scotland,Clackmannanshire,S12000005,2007,50.59999999999998,163.9126
Scotland,Clackmannanshire,S12000005,2008,51.19000000000003,163.9126
Scotland,Clackmannanshire,S12000005,2009,51.28999999999998,163.9126
Scotland,Clackmannanshire,S12000005,2010,51.329999999999984,163.9126
Scotland,Clackmannanshire,S12000005,2011,51.5,163.9126
Scotland,Clackmannanshire,S12000005,2012,51.27999999999998,163.9126
Scotland,Clackmannanshire,S12000005,2013,51.27999999999998,163.9126
Scotland,Clackmannanshire,S12000005,2014,51.19000000000003,163.9126
Scotland,Clackmannanshire,S12000005,2015,51.359999999999964,163.9126
Scotland,Clackmannanshire,S12000005,2016,51.34999999999997,163.9126
Scotland,Clackmannanshire,S12000005,2017,51.45000000000003,163.9126
Scotland,Clackmannanshire,S12000005,2018,51.40000000000003,163.9126
Scotland,Dumfries and Galloway,S12000006,2005,149.61999999999992,6676.3147
Scotland,Dumfries and Galloway,S12000006,2006,149.78000000000006,6676.3147
Scotland,Dumfries and Galloway,S12000006,2007,150.36999999999992,6676.3147
Scotland,Dumfries and Galloway,S12000006,2008,151.0100000000001,6676.3147
Scotland,Dumfries and Galloway,S12000006,2009,151.15999999999994,6676.3147
Scotland,Dumfries and Galloway,S12000006,2010,151.1,6676.3147
Scotland,Dumfries and Galloway,S12000006,2011,151.40999999999994,6676.3147
Scotland,Dumfries and Galloway,S12000006,2012,150.84000000000006,6676.3147
Scotland,Dumfries and Galloway,S12000006,2013,150.28000000000006,6676.3147
Scotland,Dumfries and Galloway,S12000006,2014,149.96,6676.3147
Scotland,Dumfries and Galloway,S12000006,2015,149.67000000000004,6676.3147
Scotland,Dumfries and Galloway,S12000006,2016,149.52000000000007,6676.3147
Scotland,Dumfries and Galloway,S12000006,2017,149.1999999999999,6676.3147
Scotland,Dumfries and Galloway,S12000006,2018,148.79,6676.3147
Scotland,Dundee City,S12000042,2005,143.6,62.223800000000004
Scotland,Dundee City,S12000042,2006,143.36999999999992,62.223800000000004
Scotland,Dundee City,S12000042,2007,143.69999999999993,62.223800000000004
Scotland,Dundee City,S12000042,2008,144.29,62.223800000000004
Scotland,Dundee City,S12000042,2009,145.17000000000004,62.223800000000004
Scotland,Dundee City,S12000042,2010,146.06,62.223800000000004
Scotland,Dundee City,S12000042,2011,147.1999999999999,62.223800000000004
Scotland,Dundee City,S12000042,2012,147.78000000000006,62.223800000000004
Scotland,Dundee City,S12000042,2013,148.1,62.223800000000004
Scotland,Dundee City,S12000042,2014,148.13000000000008,62.223800000000004
Scotland,Dundee City,S12000042,2015,148.21,62.223800000000004
Scotland,Dundee City,S12000042,2016,148.27000000000007,62.223800000000004
Scotland,Dundee City,S12000042,2017,148.71,62.223800000000004
Scotland,Dundee City,S12000042,2018,148.75,62.223800000000004
Scotland,East Ayrshire,S12000008,2005,120.28000000000009,1270.3421
Scotland,East Ayrshire,S12000008,2006,120.44999999999993,1270.3421
Scotland,East Ayrshire,S12000008,2007,120.94999999999993,1270.3421
Scotland,East Ayrshire,S12000008,2008,121.59000000000006,1270.3421
Scotland,East Ayrshire,S12000008,2009,122.11000000000004,1270.3421
Scotland,East Ayrshire,S12000008,2010,122.40999999999994,1270.3421
Scotland,East Ayrshire,S12000008,2011,122.69000000000004,1270.3421
Scotland,East Ayrshire,S12000008,2012,122.73,1270.3421
Scotland,East Ayrshire,S12000008,2013,122.42999999999996,1270.3421
Scotland,East Ayrshire,S12000008,2014,122.13000000000008,1270.3421
Scotland,East Ayrshire,S12000008,2015,122.05999999999996,1270.3421
Scotland,East Ayrshire,S12000008,2016,122.19999999999995,1270.3421
Scotland,East Ayrshire,S12000008,2017,121.94000000000004,1270.3421
Scotland,East Ayrshire,S12000008,2018,121.84000000000006,1270.3421
Scotland,East Dunbartonshire,S12000045,2005,106.03999999999998,174.489
Scotland,East Dunbartonshire,S12000045,2006,105.59000000000003,174.489
Scotland,East Dunbartonshire,S12000045,2007,105.05000000000005,174.489
Scotland,East Dunbartonshire,S12000045,2008,104.94000000000004,174.489
Scotland,East Dunbartonshire,S12000045,2009,104.96000000000002,174.489
Scotland,East Dunbartonshire,S12000045,2010,104.92000000000004,174.489
Scotland,East Dunbartonshire,S12000045,2011,105,174.489
Scotland,East Dunbartonshire,S12000045,2012,105.88000000000007,174.489
Scotland,East Dunbartonshire,S12000045,2013,105.84000000000002,174.489
Scotland,East Dunbartonshire,S12000045,2014,106.71000000000002,174.489
Scotland,East Dunbartonshire,S12000045,2015,106.96000000000002,174.489
Scotland,East Dunbartonshire,S12000045,2016,107.53999999999998,174.489
Scotland,East Dunbartonshire,S12000045,2017,108.13000000000007,174.489
Scotland,East Dunbartonshire,S12000045,2018,108.32999999999996,174.489
Scotland,East Lothian,S12000010,2005,92.73,700.9372999999999
Scotland,East Lothian,S12000010,2006,93.84999999999995,700.9372999999999
Scotland,East Lothian,S12000010,2007,95.55999999999996,700.9372999999999
Scotland,East Lothian,S12000010,2008,97.46999999999993,700.9372999999999
Scotland,East Lothian,S12000010,2009,98.34000000000003,700.9372999999999
Scotland,East Lothian,S12000010,2010,99.13999999999997,700.9372999999999
Scotland,East Lothian,S12000010,2011,99.92000000000004,700.9372999999999
Scotland,East Lothian,S12000010,2012,100.86000000000003,700.9372999999999
Scotland,East Lothian,S12000010,2013,101.38999999999999,700.9372999999999
Scotland,East Lothian,S12000010,2014,102.09000000000003,700.9372999999999
Scotland,East Lothian,S12000010,2015,103.05000000000007,700.9372999999999
Scotland,East Lothian,S12000010,2016,104.09000000000003,700.9372999999999
Scotland,East Lothian,S12000010,2017,104.84000000000003,700.9372999999999
Scotland,East Lothian,S12000010,2018,105.78999999999998,700.9372999999999
Scotland,East Renfrewshire,S12000011,2005,89.88000000000007,174.2495
Scotland,East Renfrewshire,S12000011,2006,89.75,174.2495
Scotland,East Renfrewshire,S12000011,2007,89.84000000000002,174.2495
Scotland,East Renfrewshire,S12000011,2008,89.86999999999993,174.2495
Scotland,East Renfrewshire,S12000011,2009,89.98,174.2495
Scotland,East Renfrewshire,S12000011,2010,90.40999999999998,174.2495
Scotland,East Renfrewshire,S12000011,2011,90.80999999999996,174.2495
Scotland,East Renfrewshire,S12000011,2012,91.03999999999998,174.2495
Scotland,East Renfrewshire,S12000011,2013,91.53000000000003,174.2495
Scotland,East Renfrewshire,S12000011,2014,92.41,174.2495
Scotland,East Renfrewshire,S12000011,2015,92.94000000000004,174.2495
Scotland,East Renfrewshire,S12000011,2016,93.80999999999996,174.2495
Scotland,East Renfrewshire,S12000011,2017,94.76000000000006,174.2495
Scotland,East Renfrewshire,S12000011,2018,95.17000000000004,174.2495
Scotland,Falkirk,S12000014,2005,150.13000000000008,314.9335
Scotland,Falkirk,S12000014,2006,151.09000000000006,314.9335
Scotland,Falkirk,S12000014,2007,152.31999999999996,314.9335
Scotland,Falkirk,S12000014,2008,153.29,314.9335
Scotland,Falkirk,S12000014,2009,154.21,314.9335
Scotland,Falkirk,S12000014,2010,155.14,314.9335
Scotland,Falkirk,S12000014,2011,156.25,314.9335
Scotland,Falkirk,S12000014,2012,156.8000000000001,314.9335
Scotland,Falkirk,S12000014,2013,157.15999999999994,314.9335
Scotland,Falkirk,S12000014,2014,157.68999999999994,314.9335
Scotland,Falkirk,S12000014,2015,158.46,314.9335
Scotland,Falkirk,S12000014,2016,159.38000000000008,314.9335
Scotland,Falkirk,S12000014,2017,160.13000000000008,314.9335
Scotland,Falkirk,S12000014,2018,160.34000000000006,314.9335
Scotland,Fife,S12000047,2005,355.4500000000001,1376.1875
Scotland,Fife,S12000047,2006,357.26000000000016,1376.1875
Scotland,Fife,S12000047,2007,358.75,1376.1875
Scotland,Fife,S12000047,2008,360.04999999999984,1376.1875
Scotland,Fife,S12000047,2009,361.4099999999999,1376.1875
Scotland,Fife,S12000047,2010,362.6100000000001,1376.1875
Scotland,Fife,S12000047,2011,365.29999999999984,1376.1875
Scotland,Fife,S12000047,2012,366.2099999999997,1376.1875
Scotland,Fife,S12000047,2013,366.8999999999998,1376.1875
Scotland,Fife,S12000047,2014,367.25,1376.1875
Scotland,Fife,S12000047,2015,368.08,1376.1875
Scotland,Fife,S12000047,2016,370.33,1376.1875
Scotland,Fife,S12000047,2017,371.4099999999999,1376.1875
Scotland,Fife,S12000047,2018,371.9099999999999,1376.1875
Scotland,Glasgow City,S12000049,2005,569.24,176.3559
Scotland,Glasgow City,S12000049,2006,568.4799999999997,176.3559
Scotland,Glasgow City,S12000049,2007,571.76,176.3559
Scotland,Glasgow City,S12000049,2008,576.2000000000003,176.3559
Scotland,Glasgow City,S12000049,2009,581.6200000000002,176.3559
Scotland,Glasgow City,S12000049,2010,586.5,176.3559
Scotland,Glasgow City,S12000049,2011,593.0599999999998,176.3559
Scotland,Glasgow City,S12000049,2012,595.0699999999998,176.3559
Scotland,Glasgow City,S12000049,2013,596.5200000000003,176.3559
Scotland,Glasgow City,S12000049,2014,599.6399999999998,176.3559
Scotland,Glasgow City,S12000049,2015,606.34,176.3559
Scotland,Glasgow City,S12000049,2016,615.0699999999998,176.3559
Scotland,Glasgow City,S12000049,2017,621.0200000000003,176.3559
Scotland,Glasgow City,S12000049,2018,626.41,176.3559
Scotland,Highland,S12000017,2005,218.06000000000017,26473.9496
Scotland,Highland,S12000017,2006,220.77999999999992,26473.9496
Scotland,Highland,S12000017,2007,224,26473.9496
Scotland,Highland,S12000017,2008,226.9799999999998,26473.9496
Scotland,Highland,S12000017,2009,228.75,26473.9496
Scotland,Highland,S12000017,2010,230.72999999999976,26473.9496
Scotland,Highland,S12000017,2011,232.72999999999976,26473.9496
Scotland,Highland,S12000017,2012,232.89000000000013,26473.9496
Scotland,Highland,S12000017,2013,232.9300000000001,26473.9496
Scotland,Highland,S12000017,2014,233.07999999999996,26473.9496
Scotland,Highland,S12000017,2015,234.1099999999999,26473.9496
Scotland,Highland,S12000017,2016,234.7700000000002,26473.9496
Scotland,Highland,S12000017,2017,235.1800000000001,26473.9496
Scotland,Highland,S12000017,2018,235.54,26473.9496
Scotland,Inverclyde,S12000018,2005,82.67999999999999,173.62470000000002
Scotland,Inverclyde,S12000018,2006,82.32000000000001,173.62470000000002
Scotland,Inverclyde,S12000018,2007,82.11,173.62470000000002
Scotland,Inverclyde,S12000018,2008,82,173.62470000000002
Scotland,Inverclyde,S12000018,2009,81.67000000000003,173.62470000000002
Scotland,Inverclyde,S12000018,2010,81.51000000000005,173.62470000000002
Scotland,Inverclyde,S12000018,2011,81.21999999999997,173.62470000000002
Scotland,Inverclyde,S12000018,2012,80.69000000000004,173.62470000000002
Scotland,Inverclyde,S12000018,2013,80.33999999999999,173.62470000000002
Scotland,Inverclyde,S12000018,2014,79.89000000000003,173.62470000000002
Scotland,Inverclyde,S12000018,2015,79.5,173.62470000000002
Scotland,Inverclyde,S12000018,2016,79.16000000000001,173.62470000000002
Scotland,Inverclyde,S12000018,2017,78.76000000000002,173.62470000000002
Scotland,Inverclyde,S12000018,2018,78.15000000000005,173.62470000000002
Scotland,Midlothian,S12000019,2005,80.05000000000001,355.2715
Scotland,Midlothian,S12000019,2006,80,355.2715
Scotland,Midlothian,S12000019,2007,80.36999999999993,355.2715
Scotland,Midlothian,S12000019,2008,81.53999999999998,355.2715
Scotland,Midlothian,S12000019,2009,81.90000000000005,355.2715
Scotland,Midlothian,S12000019,2010,82.35999999999999,355.2715
Scotland,Midlothian,S12000019,2011,83.44999999999999,355.2715
Scotland,Midlothian,S12000019,2012,84.23999999999997,355.2715
Scotland,Midlothian,S12000019,2013,84.71000000000002,355.2715
Scotland,Midlothian,S12000019,2014,86.21999999999997,355.2715
Scotland,Midlothian,S12000019,2015,87.39000000000001,355.2715
Scotland,Midlothian,S12000019,2016,88.60999999999999,355.2715
Scotland,Midlothian,S12000019,2017,90.09,355.2715
Scotland,Midlothian,S12000019,2018,91.34,355.2715
Scotland,Moray,S12000020,2005,90.09999999999995,2257.1535999999996
Scotland,Moray,S12000020,2006,90.78000000000004,2257.1535999999996
Scotland,Moray,S12000020,2007,91.44000000000004,2257.1535999999996
Scotland,Moray,S12000020,2008,92.82999999999997,2257.1535999999996
Scotland,Moray,S12000020,2009,93.17000000000004,2257.1535999999996
Scotland,Moray,S12000020,2010,93.69000000000004,2257.1535999999996
Scotland,Moray,S12000020,2011,93.46999999999994,2257.1535999999996
Scotland,Moray,S12000020,2012,92.92999999999998,2257.1535999999996
Scotland,Moray,S12000020,2013,94.36000000000001,2257.1535999999996
Scotland,Moray,S12000020,2014,94.77,2257.1535999999996
Scotland,Moray,S12000020,2015,95.51000000000008,2257.1535999999996
Scotland,Moray,S12000020,2016,96.07000000000002,2257.1535999999996
Scotland,Moray,S12000020,2017,95.78000000000006,2257.1535999999996
Scotland,Moray,S12000020,2018,95.52,2257.1535999999996
Scotland,Na h-Eileanan Siar,S12000013,2005,26.929999999999982,3268.3963
Scotland,Na h-Eileanan Siar,S12000013,2006,27.059999999999977,3268.3963
Scotland,Na h-Eileanan Siar,S12000013,2007,27.21000000000001,3268.3963
Scotland,Na h-Eileanan Siar,S12000013,2008,27.279999999999983,3268.3963
Scotland,Na h-Eileanan Siar,S12000013,2009,27.419999999999995,3268.3963
Scotland,Na h-Eileanan Siar,S12000013,2010,27.600000000000016,3268.3963
Scotland,Na h-Eileanan Siar,S12000013,2011,27.690000000000023,3268.3963
Scotland,Na h-Eileanan Siar,S12000013,2012,27.559999999999977,3268.3963
Scotland,Na h-Eileanan Siar,S12000013,2013,27.399999999999984,3268.3963
Scotland,Na h-Eileanan Siar,S12000013,2014,27.25,3268.3963
Scotland,Na h-Eileanan Siar,S12000013,2015,27.070000000000014,3268.3963
Scotland,Na h-Eileanan Siar,S12000013,2016,26.899999999999984,3268.3963
Scotland,Na h-Eileanan Siar,S12000013,2017,26.95000000000001,3268.3963
Scotland,Na h-Eileanan Siar,S12000013,2018,26.830000000000005,3268.3963
Scotland,North Ayrshire,S12000021,2005,136.68999999999997,903.8207000000001
Scotland,North Ayrshire,S12000021,2006,136.79,903.8207000000001
Scotland,North Ayrshire,S12000021,2007,137.42000000000004,903.8207000000001
Scotland,North Ayrshire,S12000021,2008,137.90999999999994,903.8207000000001
Scotland,North Ayrshire,S12000021,2009,137.82999999999996,903.8207000000001
Scotland,North Ayrshire,S12000021,2010,137.79,903.8207000000001
Scotland,North Ayrshire,S12000021,2011,138.09000000000006,903.8207000000001
Scotland,North Ayrshire,S12000021,2012,137.57,903.8207000000001
Scotland,North Ayrshire,S12000021,2013,136.94,903.8207000000001
Scotland,North Ayrshire,S12000021,2014,136.48,903.8207000000001
Scotland,North Ayrshire,S12000021,2015,136.13000000000008,903.8207000000001
Scotland,North Ayrshire,S12000021,2016,135.88999999999993,903.8207000000001
Scotland,North Ayrshire,S12000021,2017,135.79,903.8207000000001
Scotland,North Ayrshire,S12000021,2018,135.2800000000001,903.8207000000001
Scotland,North Lanarkshire,S12000050,2005,327.14,472.30910000000006
Scotland,North Lanarkshire,S12000050,2006,328.73999999999984,472.30910000000006
Scotland,North Lanarkshire,S12000050,2007,331.17,472.30910000000006
Scotland,North Lanarkshire,S12000050,2008,333.2900000000002,472.30910000000006
Scotland,North Lanarkshire,S12000050,2009,335.1599999999999,472.30910000000006
Scotland,North Lanarkshire,S12000050,2010,336.28000000000003,472.30910000000006
Scotland,North Lanarkshire,S12000050,2011,337.71999999999997,472.30910000000006
Scotland,North Lanarkshire,S12000050,2012,337.88999999999993,472.30910000000006
Scotland,North Lanarkshire,S12000050,2013,337.78000000000003,472.30910000000006
Scotland,North Lanarkshire,S12000050,2014,338,472.30910000000006
Scotland,North Lanarkshire,S12000050,2015,338.26000000000016,472.30910000000006
Scotland,North Lanarkshire,S12000050,2016,339.38999999999993,472.30910000000006
Scotland,North Lanarkshire,S12000050,2017,339.9599999999998,472.30910000000006
Scotland,North Lanarkshire,S12000050,2018,340.1800000000001,472.30910000000006
Scotland,Orkney Islands,S12000023,2005,20.070000000000004,1086.4926
Scotland,Orkney Islands,S12000023,2006,20.339999999999993,1086.4926
Scotland,Orkney Islands,S12000023,2007,20.58,1086.4926
Scotland,Orkney Islands,S12000023,2008,20.740000000000006,1086.4926
Scotland,Orkney Islands,S12000023,2009,20.94000000000001,1086.4926
Scotland,Orkney Islands,S12000023,2010,21.220000000000017,1086.4926
Scotland,Orkney Islands,S12000023,2011,21.42,1086.4926
Scotland,Orkney Islands,S12000023,2012,21.529999999999983,1086.4926
Scotland,Orkney Islands,S12000023,2013,21.559999999999988,1086.4926
Scotland,Orkney Islands,S12000023,2014,21.58,1086.4926
Scotland,Orkney Islands,S12000023,2015,21.67,1086.4926
Scotland,Orkney Islands,S12000023,2016,21.850000000000012,1086.4926
Scotland,Orkney Islands,S12000023,2017,22,1086.4926
Scotland,Orkney Islands,S12000023,2018,22.190000000000012,1086.4926
Scotland,Perth and Kinross,S12000048,2005,138.06,5418.9445
Scotland,Perth and Kinross,S12000048,2006,139.38999999999993,5418.9445
Scotland,Perth and Kinross,S12000048,2007,141.13999999999993,5418.9445
Scotland,Perth and Kinross,S12000048,2008,143.13000000000008,5418.9445
Scotland,Perth and Kinross,S12000048,2009,144.36999999999992,5418.9445
Scotland,Perth and Kinross,S12000048,2010,145.6,5418.9445
Scotland,Perth and Kinross,S12000048,2011,146.85,5418.9445
Scotland,Perth and Kinross,S12000048,2012,147.7399999999999,5418.9445
Scotland,Perth and Kinross,S12000048,2013,147.77000000000004,5418.9445
Scotland,Perth and Kinross,S12000048,2014,148.92999999999995,5418.9445
Scotland,Perth and Kinross,S12000048,2015,149.92999999999995,5418.9445
Scotland,Perth and Kinross,S12000048,2016,150.67999999999995,5418.9445
Scotland,Perth and Kinross,S12000048,2017,151.09999999999997,5418.9445
Scotland,Perth and Kinross,S12000048,2018,151.29,5418.9445
Scotland,Renfrewshire,S12000038,2005,171.43000000000004,269.2397
Scotland,Renfrewshire,S12000038,2006,171.27000000000012,269.2397
Scotland,Renfrewshire,S12000038,2007,171.85999999999999,269.2397
Scotland,Renfrewshire,S12000038,2008,172.64000000000001,269.2397
Scotland,Renfrewshire,S12000038,2009,173.02000000000012,269.2397
Scotland,Renfrewshire,S12000038,2010,173.6999999999999,269.2397
Scotland,Renfrewshire,S12000038,2011,174.6999999999999,269.2397
Scotland,Renfrewshire,S12000038,2012,174.3000000000001,269.2397
Scotland,Renfrewshire,S12000038,2013,173.89000000000001,269.2397
Scotland,Renfrewshire,S12000038,2014,174.22999999999988,269.2397
Scotland,Renfrewshire,S12000038,2015,174.5600000000001,269.2397
Scotland,Renfrewshire,S12000038,2016,175.93000000000004,269.2397
Scotland,Renfrewshire,S12000038,2017,176.82999999999996,269.2397
Scotland,Renfrewshire,S12000038,2018,177.79,269.2397
Scotland,Scottish Borders,S12000026,2005,110.25,4742.685
Scotland,Scottish Borders,S12000026,2006,110.86000000000003,4742.685
Scotland,Scottish Borders,S12000026,2007,112.19999999999995,4742.685
Scotland,Scottish Borders,S12000026,2008,113.36000000000003,4742.685
Scotland,Scottish Borders,S12000026,2009,113.59000000000005,4742.685
Scotland,Scottish Borders,S12000026,2010,113.69000000000004,4742.685
Scotland,Scottish Borders,S12000026,2011,113.88000000000008,4742.685
Scotland,Scottish Borders,S12000026,2012,113.71999999999993,4742.685
Scotland,Scottish Borders,S12000026,2013,113.88000000000008,4742.685
Scotland,Scottish Borders,S12000026,2014,114.03999999999998,4742.685
Scotland,Scottish Borders,S12000026,2015,114.03000000000009,4742.685
Scotland,Scottish Borders,S12000026,2016,114.53000000000007,4742.685
Scotland,Scottish Borders,S12000026,2017,115.02,4742.685
Scotland,Scottish Borders,S12000026,2018,115.27,4742.685
Scotland,Shetland Islands,S12000027,2005,22.25,1657.2904
Scotland,Shetland Islands,S12000027,2006,22.21,1657.2904
Scotland,Shetland Islands,S12000027,2007,22.350000000000012,1657.2904
Scotland,Shetland Islands,S12000027,2008,22.480000000000008,1657.2904
Scotland,Shetland Islands,S12000027,2009,22.79,1657.2904
Scotland,Shetland Islands,S12000027,2010,23.059999999999988,1657.2904
Scotland,Shetland Islands,S12000027,2011,23.240000000000006,1657.2904
Scotland,Shetland Islands,S12000027,2012,23.21,1657.2904
Scotland,Shetland Islands,S12000027,2013,23.200000000000003,1657.2904
Scotland,Shetland Islands,S12000027,2014,23.220000000000017,1657.2904
Scotland,Shetland Islands,S12000027,2015,23.200000000000003,1657.2904
Scotland,Shetland Islands,S12000027,2016,23.200000000000003,1657.2904
Scotland,Shetland Islands,S12000027,2017,23.080000000000005,1657.2904
Scotland,Shetland Islands,S12000027,2018,22.990000000000006,1657.2904
Scotland,South Ayrshire,S12000028,2005,112.03000000000007,1234.6853
Scotland,South Ayrshire,S12000028,2006,112.09999999999994,1234.6853
Scotland,South Ayrshire,S12000028,2007,112.38000000000007,1234.6853
Scotland,South Ayrshire,S12000028,2008,112.61000000000003,1234.6853
Scotland,South Ayrshire,S12000028,2009,112.48999999999991,1234.6853
Scotland,South Ayrshire,S12000028,2010,112.59999999999994,1234.6853
Scotland,South Ayrshire,S12000028,2011,112.98,1234.6853
Scotland,South Ayrshire,S12000028,2012,112.92000000000004,1234.6853
Scotland,South Ayrshire,S12000028,2013,112.86999999999993,1234.6853
Scotland,South Ayrshire,S12000028,2014,112.53000000000007,1234.6853
Scotland,South Ayrshire,S12000028,2015,112.40000000000006,1234.6853
Scotland,South Ayrshire,S12000028,2016,112.46999999999993,1234.6853
Scotland,South Ayrshire,S12000028,2017,112.67999999999996,1234.6853
Scotland,South Ayrshire,S12000028,2018,112.55000000000005,1234.6853
Scotland,South Lanarkshire,S12000029,2005,306.8500000000002,1774.0223999999998
Scotland,South Lanarkshire,S12000029,2006,308.45000000000005,1774.0223999999998
Scotland,South Lanarkshire,S12000029,2007,310.37999999999994,1774.0223999999998
Scotland,South Lanarkshire,S12000029,2008,311.3199999999999,1774.0223999999998
Scotland,South Lanarkshire,S12000029,2009,312.1800000000001,1774.0223999999998
Scotland,South Lanarkshire,S12000029,2010,313.1800000000001,1774.0223999999998
Scotland,South Lanarkshire,S12000029,2011,313.8999999999998,1774.0223999999998
Scotland,South Lanarkshire,S12000029,2012,314.33,1774.0223999999998
Scotland,South Lanarkshire,S12000029,2013,314.81000000000006,1774.0223999999998
Scotland,South Lanarkshire,S12000029,2014,315.29999999999995,1774.0223999999998
Scotland,South Lanarkshire,S12000029,2015,316.22999999999973,1774.0223999999998
Scotland,South Lanarkshire,S12000029,2016,317.1000000000002,1774.0223999999998
Scotland,South Lanarkshire,S12000029,2017,318.17,1774.0223999999998
Scotland,South Lanarkshire,S12000029,2018,319.02000000000027,1774.0223999999998
Scotland,Stirling,S12000030,2005,87.51000000000006,2254.8126
Scotland,Stirling,S12000030,2006,88.09000000000002,2254.8126
Scotland,Stirling,S12000030,2007,88.42999999999999,2254.8126
Scotland,Stirling,S12000030,2008,88.53999999999998,2254.8126
Scotland,Stirling,S12000030,2009,88.69000000000004,2254.8126
Scotland,Stirling,S12000030,2010,89.55000000000003,2254.8126
Scotland,Stirling,S12000030,2011,90.32999999999997,2254.8126
Scotland,Stirling,S12000030,2012,91.01000000000006,2254.8126
Scotland,Stirling,S12000030,2013,91.23,2254.8126
Scotland,Stirling,S12000030,2014,91.52,2254.8126
Scotland,Stirling,S12000030,2015,92.82999999999997,2254.8126
Scotland,Stirling,S12000030,2016,93.75,2254.8126
Scotland,Stirling,S12000030,2017,94,2254.8126
Scotland,Stirling,S12000030,2018,94.32999999999996,2254.8126
Scotland,West Dunbartonshire,S12000039,2005,91.53000000000004,182.783
Scotland,West Dunbartonshire,S12000039,2006,91.42000000000003,182.783
Scotland,West Dunbartonshire,S12000039,2007,91.36999999999993,182.783
Scotland,West Dunbartonshire,S12000039,2008,91.19000000000004,182.783
Scotland,West Dunbartonshire,S12000039,2009,91.07999999999997,182.783
Scotland,West Dunbartonshire,S12000039,2010,90.80000000000003,182.783
Scotland,West Dunbartonshire,S12000039,2011,90.61,182.783
Scotland,West Dunbartonshire,S12000039,2012,90.34000000000002,182.783
Scotland,West Dunbartonshire,S12000039,2013,89.80000000000001,182.783
Scotland,West Dunbartonshire,S12000039,2014,89.71000000000002,182.783
Scotland,West Dunbartonshire,S12000039,2015,89.59,182.783
Scotland,West Dunbartonshire,S12000039,2016,89.85999999999999,182.783
Scotland,West Dunbartonshire,S12000039,2017,89.60999999999999,182.783
Scotland,West Dunbartonshire,S12000039,2018,89.13000000000007,182.783
Scotland,West Lothian,S12000040,2005,165.01000000000013,431.5908
Scotland,West Lothian,S12000040,2006,167.10999999999999,431.5908
Scotland,West Lothian,S12000040,2007,169.47,431.5908
Scotland,West Lothian,S12000040,2008,171.38000000000008,431.5908
Scotland,West Lothian,S12000040,2009,173.04,431.5908
Scotland,West Lothian,S12000040,2010,174.09000000000006,431.5908
Scotland,West Lothian,S12000040,2011,175.3000000000001,431.5908
Scotland,West Lothian,S12000040,2012,176.01000000000013,431.5908
Scotland,West Lothian,S12000040,2013,176.15999999999994,431.5908
Scotland,West Lothian,S12000040,2014,177.1999999999999,431.5908
Scotland,West Lothian,S12000040,2015,178.5500000000001,431.5908
Scotland,West Lothian,S12000040,2016,180.13000000000008,431.5908
Scotland,West Lothian,S12000040,2017,181.3100000000001,431.5908
Scotland,West Lothian,S12000040,2018,182.14000000000004,431.5908
